Workbook

Sheet Total citation
A1: #VALUE! | C1: https://scholar.google.co.jp/schhp?hl=ja&as_sdt=0,5
C2: 被引用件数/Number of Citations
B3: 検索名 | C3: 2026/06 | D3: 2026/07 | E3: 2026/08 | F3: 2026/09
A4: 松村 武 | B4: Takeshi Matsumura nict | C4: 1302 | D4: 1304
A5: 李 還幇
A6: 沢田 浩和 | B6: Hirokazu Sawada nict | C6: 921 | D6: 917
A7: 松田 隆志 | B7: Takashi Matsuda | C7: 355 | D7: 355
A8: 表 昌佑 | B8: Changwoo Pyo | C8: 1749 | D8: 1751
A9: 村上 誉 | B9: Homare Murakami nict | C9: 1389 | D9: 1390
A10: Villardi Gabriel | B10: Villardi Gabriel nict | C10: 1985 | D10: 1954
A11: 川崎 耀 | B11: Hikaru Kawasaki nict | C11: 136 | D11: 140
A12: 三浦 龍
A13: Haniz Azril | B13: Azril Haniz | C13: 266 | D13: 264
A14: 中村 道春 | B14: Michiharu Nakamura nict | C14: 768 | D14: 761
A15: Arif Dataesatu | B15: Arif Dataesatu nict | C15: 58 | D15: 55
A16: Ekolle Zie Eya | B16: Ekolle Zie Eya nict | C16: 44 | D16: 48
A17: 村井 英志 | B17: Murai Hideshi | C17: 1206 | D17: 1222 | G17: 共著、Patentを含む
A18: Le Thanh | B18: Thanh Le nict | C18: 96 | D18: 104
A19: 趙 欧 | B19: Ou Zhao | C19: 921 | D19: 905
A20: Eum Suyong | B20: Suyong Eum | C20: 845 | D20: 858 | G20: I registered today, so it should be searchable in a few days.
A21: 若山 篤 | B21: Atushi Wakayama | C21: 24 | D21: 25
A22: 丸山 正晃 | B22: Masaaki Maruyama nict | C22: 149 | D22: 149
A23: 伊深 和雄 | B23: Kazuo Ibuka nict | C23: 154 | D23: 154
A25: 1st
A26: 2nd
A27: 3rd

Sheet Monthly diff
A1: #VALUE! | C1: https://scholar.google.co.jp/schhp?hl=ja&as_sdt=0,5
C2: 被引用件数/Number of Citations
B3: 検索名 | C3: 2026/06 | D3: 2026/07 | E3: 2026/08 | F3: 2026/09
A4: 松村 武 | B4: Takeshi Matsumura nict | C4: 1302 | D4: =ROUND('Total citation'!D4-'Total citation'!C4, 2) -> 2
A5: 李 還幇 | D5: =ROUND('Total citation'!D5-'Total citation'!C5, 2) -> 0
A6: 沢田 浩和 | B6: Hirokazu Sawada nict | C6: 921 | D6: =ROUND('Total citation'!D6-'Total citation'!C6, 2) -> -4
A7: 松田 隆志 | B7: Takashi Matsuda | C7: 355 | D7: =ROUND('Total citation'!D7-'Total citation'!C7, 2) -> 0
A8: 表 昌佑 | B8: Changwoo Pyo | C8: 1749 | D8: =ROUND('Total citation'!D8-'Total citation'!C8, 2) -> 2
A9: 村上 誉 | B9: Homare Murakami nict | C9: 1389 | D9: =ROUND('Total citation'!D9-'Total citation'!C9, 2) -> 1
A10: Villardi Gabriel | B10: Villardi Gabriel nict | C10: 1985 | D10: =ROUND('Total citation'!D10-'Total citation'!C10, 2) -> -31
A11: 川崎 耀 | B11: Hikaru Kawasaki nict | C11: 136 | D11: =ROUND('Total citation'!D11-'Total citation'!C11, 2) -> 4
A12: 三浦 龍 | D12: =ROUND('Total citation'!D12-'Total citation'!C12, 2) -> 0
A13: Haniz Azril | B13: Azril Haniz | C13: 266 | D13: =ROUND('Total citation'!D13-'Total citation'!C13, 2) -> -2
A14: 中村 道春 | B14: Michiharu Nakamura nict | C14: 768 | D14: =ROUND('Total citation'!D14-'Total citation'!C14, 2) -> -7
A15: Arif Dataesatu | B15: Arif Dataesatu nict | C15: 58 | D15: =ROUND('Total citation'!D15-'Total citation'!C15, 2) -> -3
A16: Ekolle Zie Eya | B16: Ekolle Zie Eya nict | C16: 44 | D16: =ROUND('Total citation'!D16-'Total citation'!C16, 2) -> 4
A17: 村井 英志 | B17: Murai Hideshi | C17: 1206 | D17: =ROUND('Total citation'!D17-'Total citation'!C17, 2) -> 16 | G17: 共著、Patentを含む
A18: Le Thanh | B18: Thanh Le nict | C18: 96 | D18: =ROUND('Total citation'!D18-'Total citation'!C18, 2) -> 8
A19: 趙 欧 | B19: Ou Zhao | C19: 921 | D19: =ROUND('Total citation'!D19-'Total citation'!C19, 2) -> -16
A20: Eum Suyong | B20: Suyong Eum | C20: 845 | D20: =ROUND('Total citation'!D20-'Total citation'!C20, 2) -> 13 | G20: I registered today, so it should be searchable in a few days.
A21: 若山 篤 | B21: Atushi Wakayama | C21: 24 | D21: =ROUND('Total citation'!D21-'Total citation'!C21, 2) -> 1
A22: 丸山 正晃 | B22: Masaaki Maruyama nict | C22: 149 | D22: =ROUND('Total citation'!D22-'Total citation'!C22, 2) -> 0
A23: 伊深 和雄 | B23: Kazuo Ibuka nict | C23: 154 | D23: =ROUND('Total citation'!D23-'Total citation'!C23, 2) -> 0
A25: 1st
A26: 2nd
A27: 3rd

Sheet Total H-index
C2: H-index
B3: 検索名 | C3: 2026/06 | D3: 2026/09
A4: 松村 武 | B4: Takeshi Matsumura nict | C4: 18
A5: 李 還幇
A6: 沢田 浩和 | B6: Hirokazu Sawada nict | C6: 17
A7: 松田 隆志 | B7: Takashi Matsuda | C7: 11
A8: 表 昌佑 | B8: Changwoo Pyo | C8: 14
A9: 村上 誉 | B9: Homare Murakami nict | C9: 18
A10: Villardi Gabriel | B10: Villardi Gabriel nict | C10: 19
A11: 川崎 耀 | B11: Hikaru Kawasaki nict | C11: 6
A12: 三浦 龍
A13: Haniz Azril | B13: Azril Haniz | C13: 8
A14: 中村 道春 | B14: Michiharu Nakamura nict | C14: 14
A15: Arif Dataesatu | B15: Arif Dataesatu nict | C15: 4
A16: Ekolle Zie Eya | B16: Ekolle Zie Eya nict | C16: 4
A17: 村井 英志 | B17: Murai Hideshi | C17: 17
A18: Le Thanh | B18: Thanh Le nict | C18: 7
A19: 趙 欧 | B19: Ou Zhao | C19: 7
A20: Eum Suyong | B20: Suyong Eum | C20: 12
A21: 若山 篤 | B21: Atushi Wakayama | C21: 3
A22: 丸山 正晃 | B22: Masaaki Maruyama nict | C22: 5
A23: 伊深 和雄 | B23: Kazuo Ibuka nict

Sheet Total i10-index
C2: i10-index
B3: 検索名 | C3: 2026/06 | D3: 2026/09
A4: 松村 武 | B4: Takeshi Matsumura nict | C4: 39
A5: 李 還幇
A6: 沢田 浩和 | B6: Hirokazu Sawada nict | C6: 34
A7: 松田 隆志 | B7: Takashi Matsuda | C7: 13
A8: 表 昌佑 | B8: Changwoo Pyo | C8: 16
A9: 村上 誉 | B9: Homare Murakami nict | C9: 38
A10: Villardi Gabriel | B10: Villardi Gabriel nict | C10: 28
A11: 川崎 耀 | B11: Hikaru Kawasaki nict | C11: 2
A12: 三浦 龍
A13: Haniz Azril | B13: Azril Haniz | C13: 8
A14: 中村 道春 | B14: Michiharu Nakamura nict | C14: 14
A15: Arif Dataesatu | B15: Arif Dataesatu nict | C15: 1
A16: Ekolle Zie Eya | B16: Ekolle Zie Eya nict | C16: 2
A17: 村井 英志 | B17: Murai Hideshi | C17: 28
A18: Le Thanh | B18: Thanh Le nict | C18: 3
A19: 趙 欧 | B19: Ou Zhao | C19: 2
A20: Eum Suyong | B20: Suyong Eum | C20: 13
A21: 若山 篤 | B21: Atushi Wakayama | C21: 0
A22: 丸山 正晃 | B22: Masaaki Maruyama nict | C22: 1
A23: 伊深 和雄 | B23: Kazuo Ibuka nict

Sheet Citation since 2021
C1: Citation
B2: 検索名 | C2: 2026/06 | D2: 2026/07 | E2: 2026/08 | F2: 2026/09
A3: 松村 武 | B3: Takeshi Matsumura nict | C3: 804 | D3: 819
A4: 李 還幇
A5: 沢田 浩和 | B5: Hirokazu Sawada nict | C5: 343 | D5: 345
A6: 松田 隆志 | B6: Takashi Matsuda | C6: 147 | D6: 147
A7: 表 昌佑 | B7: Changwoo Pyo | C7: 484 | D7: 486
A8: 村上 誉 | B8: Homare Murakami nict | C8: 190 | D8: 190
A9: Villardi Gabriel | B9: Villardi Gabriel nict | C9: 1028 | D9: 1036
A10: 川崎 耀 | B10: Hikaru Kawasaki nict | C10: 79 | D10: 82
A11: 三浦 龍
A12: Haniz Azril | B12: Azril Haniz | C12: 167 | D12: 170
A13: 中村 道春 | B13: Michiharu Nakamura nict | C13: 139 | D13: 139
A14: Arif Dataesatu | B14: Arif Dataesatu nict | C14: 51 | D14: 51
A15: Ekolle Zie Eya | B15: Ekolle Zie Eya nict | C15: 44 | D15: 45
A16: 村井 英志 | B16: Murai Hideshi | C16: 168 | D16: 168
A17: Le Thanh | B17: Thanh Le nict | C17: 94 | D17: 103
A18: 趙 欧 | B18: Ou Zhao | C18: 672 | D18: 682
A19: Eum Suyong | B19: Suyong Eum | C19: 247 | D19: 247
A20: 若山 篤 | B20: Atushi Wakayama | C20: 15 | D20: 15
A21: 丸山 正晃 | B21: Masaaki Maruyama nict | C21: 20
A22: 伊深 和雄 | B22: Kazuo Ibuka nict

Sheet H-index since 2021
C1: H-index
B2: 検索名 | C2: 2026/06 | D2: 2026/09
A3: 松村 武 | B3: Takeshi Matsumura nict | C3: 14
A4: 李 還幇
A5: 沢田 浩和 | B5: Hirokazu Sawada nict | C5: 10
A6: 松田 隆志 | B6: Takashi Matsuda | C6: 7
A7: 表 昌佑 | B7: Changwoo Pyo | C7: 7
A8: 村上 誉 | B8: Homare Murakami nict | C8: 6
A9: Villardi Gabriel | B9: Villardi Gabriel nict | C9: 11
A10: 川崎 耀 | B10: Hikaru Kawasaki nict | C10: 5
A11: 三浦 龍
A12: Haniz Azril | B12: Azril Haniz | C12: 6
A13: 中村 道春 | B13: Michiharu Nakamura nict | C13: 4
A14: Arif Dataesatu | B14: Arif Dataesatu nict | C14: 4
A15: Ekolle Zie Eya | B15: Ekolle Zie Eya nict | C15: 4
A16: 村井 英志 | B16: Murai Hideshi | C16: 7
A17: Le Thanh | B17: Thanh Le nict | C17: 7
A18: 趙 欧 | B18: Ou Zhao | C18: 6
A19: Eum Suyong | B19: Suyong Eum | C19: 6
A20: 若山 篤 | B20: Atushi Wakayama | C20: 3
A21: 丸山 正晃 | B21: Masaaki Maruyama nict | C21: 2
A22: 伊深 和雄 | B22: Kazuo Ibuka nict

Sheet Number of publication
C2: Number of publication
B3: 検索名 | C3: 2026/06 | D3: 2026/09
A4: 松村 武 | B4: Takeshi Matsumura nict | C4: 374
A5: 李 還幇
A6: 沢田 浩和 | B6: Hirokazu Sawada nict | C6: 384
A7: 松田 隆志 | B7: Takashi Matsuda | C7: 135
A8: 表 昌佑 | B8: Changwoo Pyo | C8: 77
A9: 村上 誉 | B9: Homare Murakami nict | C9: 210
A10: Villardi Gabriel | B10: Villardi Gabriel nict | C10: 151
A11: 川崎 耀 | B11: Hikaru Kawasaki nict | C11: 101
A12: 三浦 龍
A13: Haniz Azril | B13: Azril Haniz | C13: 93
A14: 中村 道春 | B14: Michiharu Nakamura nict | C14: 84
A15: Arif Dataesatu | B15: Arif Dataesatu nict | C15: 14
A16: Ekolle Zie Eya | B16: Ekolle Zie Eya nict | C16: 11
A17: 村井 英志 | B17: Murai Hideshi | C17: 97
A18: Le Thanh | B18: Thanh Le nict | C18: 13
A19: 趙 欧 | B19: Ou Zhao | C19: 45
A20: Eum Suyong | B20: Suyong Eum | C20: 72
A21: 若山 篤 | B21: Atushi Wakayama | C21: 10
A22: 丸山 正晃 | B22: Masaaki Maruyama nict
A23: 伊深 和雄 | B23: Kazuo Ibuka nict

Sheet Average citation per paper
C1: Average citation per paper
B2: 検索名 | C2: 2026/06 | D2: 2026/09
A3: 松村 武 | B3: Takeshi Matsumura nict | C3: =ROUND('Total citation'!C4/'Number of publication'!C4, 2) -> 3.48
A4: 李 還幇
A5: 沢田 浩和 | B5: Hirokazu Sawada nict | C5: =ROUND('Total citation'!C6/'Number of publication'!C6, 2) -> 2.4
A6: 松田 隆志 | B6: Takashi Matsuda | C6: =ROUND('Total citation'!C7/'Number of publication'!C7, 2) -> 2.63
A7: 表 昌佑 | B7: Changwoo Pyo | C7: =ROUND('Total citation'!C8/'Number of publication'!C8, 2) -> 22.71
A8: 村上 誉 | B8: Homare Murakami nict | C8: =ROUND('Total citation'!C9/'Number of publication'!C9, 2) -> 6.61
A9: Villardi Gabriel | B9: Villardi Gabriel nict | C9: =ROUND('Total citation'!C10/'Number of publication'!C10, 2) -> 13.15
A10: 川崎 耀 | B10: Hikaru Kawasaki nict | C10: =ROUND('Total citation'!C11/'Number of publication'!C11, 2) -> 1.35
A11: 三浦 龍
A12: Haniz Azril | B12: Azril Haniz | C12: =ROUND('Total citation'!C13/'Number of publication'!C13, 2) -> 2.86
A13: 中村 道春 | B13: Michiharu Nakamura nict | C13: =ROUND('Total citation'!C14/'Number of publication'!C14, 2) -> 9.14
A14: Arif Dataesatu | B14: Arif Dataesatu nict | C14: =ROUND('Total citation'!C15/'Number of publication'!C15, 2) -> 4.14
A15: Ekolle Zie Eya | B15: Ekolle Zie Eya nict | C15: =ROUND('Total citation'!C16/'Number of publication'!C16, 2) -> 4
A16: 村井 英志 | B16: Murai Hideshi | C16: =ROUND('Total citation'!C17/'Number of publication'!C17, 2) -> 12.43
A17: Le Thanh | B17: Thanh Le nict | C17: =ROUND('Total citation'!C18/'Number of publication'!C18, 2) -> 7.38
A18: 趙 欧 | B18: Ou Zhao | C18: =ROUND('Total citation'!C19/'Number of publication'!C19, 2) -> 20.47
A19: Eum Suyong | B19: Suyong Eum | C19: =ROUND('Total citation'!C20/'Number of publication'!C20, 2) -> 11.74
A20: 若山 篤 | B20: Atushi Wakayama | C20: =ROUND('Total citation'!C21/'Number of publication'!C21, 2) -> 2.4
A21: 丸山 正晃 | B21: Masaaki Maruyama nict
A22: 伊深 和雄 | B22: Kazuo Ibuka nict

Sheet Average H-index per paper
C1: Average H-index per paper
B2: 検索名 | C2: 2026/06 | D2: 2026/09
A3: 松村 武 | B3: Takeshi Matsumura nict | C3: =ROUND('Total H-index'!C4/'Number of publication'!C4, 2) -> 0.05
A4: 李 還幇
A5: 沢田 浩和 | B5: Hirokazu Sawada nict | C5: =ROUND('Total H-index'!C6/'Number of publication'!C6, 2) -> 0.04
A6: 松田 隆志 | B6: Takashi Matsuda | C6: =ROUND('Total H-index'!C7/'Number of publication'!C7, 2) -> 0.08
A7: 表 昌佑 | B7: Changwoo Pyo | C7: =ROUND('Total H-index'!C8/'Number of publication'!C8, 2) -> 0.18
A8: 村上 誉 | B8: Homare Murakami nict | C8: =ROUND('Total H-index'!C9/'Number of publication'!C9, 2) -> 0.09
A9: Villardi Gabriel | B9: Villardi Gabriel nict | C9: =ROUND('Total H-index'!C10/'Number of publication'!C10, 2) -> 0.13
A10: 川崎 耀 | B10: Hikaru Kawasaki nict | C10: =ROUND('Total H-index'!C11/'Number of publication'!C11, 2) -> 0.06
A11: 三浦 龍
A12: Haniz Azril | B12: Azril Haniz | C12: =ROUND('Total H-index'!C13/'Number of publication'!C13, 2) -> 0.09
A13: 中村 道春 | B13: Michiharu Nakamura nict | C13: =ROUND('Total H-index'!C14/'Number of publication'!C14, 2) -> 0.17
A14: Arif Dataesatu | B14: Arif Dataesatu nict | C14: =ROUND('Total H-index'!C15/'Number of publication'!C15, 2) -> 0.29
A15: Ekolle Zie Eya | B15: Ekolle Zie Eya nict | C15: =ROUND('Total H-index'!C16/'Number of publication'!C16, 2) -> 0.36
A16: 村井 英志 | B16: Murai Hideshi | C16: =ROUND('Total H-index'!C17/'Number of publication'!C17, 2) -> 0.18
A17: Le Thanh | B17: Thanh Le nict | C17: =ROUND('Total H-index'!C18/'Number of publication'!C18, 2) -> 0.54
A18: 趙 欧 | B18: Ou Zhao | C18: =ROUND('Total H-index'!C19/'Number of publication'!C19, 2) -> 0.16
A19: Eum Suyong | B19: Suyong Eum | C19: =ROUND('Total H-index'!C20/'Number of publication'!C20, 2) -> 0.17
A20: 若山 篤 | B20: Atushi Wakayama | C20: =ROUND('Total H-index'!C21/'Number of publication'!C21, 2) -> 0.3
A21: 丸山 正晃 | B21: Masaaki Maruyama nict
A22: 伊深 和雄 | B22: Kazuo Ibuka nict

Sheet Average i10-index per paper
C1: Average i10-index per paper
B2: 検索名 | C2: 2026/06 | D2: 2026/09
A3: 松村 武 | B3: Takeshi Matsumura nict | C3: =ROUND('Total i10-index'!C4/'Number of publication'!C4, 2) -> 0.1
A4: 李 還幇
A5: 沢田 浩和 | B5: Hirokazu Sawada nict | C5: =ROUND('Total i10-index'!C6/'Number of publication'!C6, 2) -> 0.09
A6: 松田 隆志 | B6: Takashi Matsuda | C6: =ROUND('Total i10-index'!C7/'Number of publication'!C7, 2) -> 0.1
A7: 表 昌佑 | B7: Changwoo Pyo | C7: =ROUND('Total i10-index'!C8/'Number of publication'!C8, 2) -> 0.21
A8: 村上 誉 | B8: Homare Murakami nict | C8: =ROUND('Total i10-index'!C9/'Number of publication'!C9, 2) -> 0.18
A9: Villardi Gabriel | B9: Villardi Gabriel nict | C9: =ROUND('Total i10-index'!C10/'Number of publication'!C10, 2) -> 0.19
A10: 川崎 耀 | B10: Hikaru Kawasaki nict | C10: =ROUND('Total i10-index'!C11/'Number of publication'!C11, 2) -> 0.02
A11: 三浦 龍
A12: Haniz Azril | B12: Azril Haniz | C12: =ROUND('Total i10-index'!C13/'Number of publication'!C13, 2) -> 0.09
A13: 中村 道春 | B13: Michiharu Nakamura nict | C13: =ROUND('Total i10-index'!C14/'Number of publication'!C14, 2) -> 0.17
A14: Arif Dataesatu | B14: Arif Dataesatu nict | C14: =ROUND('Total i10-index'!C15/'Number of publication'!C15, 2) -> 0.07
A15: Ekolle Zie Eya | B15: Ekolle Zie Eya nict | C15: =ROUND('Total i10-index'!C16/'Number of publication'!C16, 2) -> 0.18
A16: 村井 英志 | B16: Murai Hideshi | C16: =ROUND('Total i10-index'!C17/'Number of publication'!C17, 2) -> 0.29
A17: Le Thanh | B17: Thanh Le nict | C17: =ROUND('Total i10-index'!C18/'Number of publication'!C18, 2) -> 0.23
A18: 趙 欧 | B18: Ou Zhao | C18: =ROUND('Total i10-index'!C19/'Number of publication'!C19, 2) -> 0.04
A19: Eum Suyong | B19: Suyong Eum | C19: =ROUND('Total i10-index'!C20/'Number of publication'!C20, 2) -> 0.18
A20: 若山 篤 | B20: Atushi Wakayama | C20: =ROUND('Total i10-index'!C21/'Number of publication'!C21, 2) -> 0
A21: 丸山 正晃 | B21: Masaaki Maruyama nict
A22: 伊深 和雄 | B22: Kazuo Ibuka nict
